{
  "x": {
    "a0": {
      "1": 0.49999999999999944,
      "2": -0.0,
      "3": -0.0,
      "4": 0.49999999999999944,
      "5": -0.0,
      "6": -0.0
    },
    "a1": {
      "1": -0.0,
      "2": 0.49999999999999944,
      "3": -0.0,
      "4": -0.0,
      "5": 0.49999999999999944,
      "6": -0.0
    },
    "a2": {
      "1": -0.0,
      "2": -0.0,
      "3": 0.49999999999999944,
      "4": -0.0,
      "5": -0.0,
      "6": 0.49999999999999944
    },
    "b0": {
      "1": -0.0,
      "2": 0.49999999999999944,
      "3": -0.0,
      "4": -0.0,
      "5": 0.49999999999999944,
      "6": -0.0
    },
    "b1": {
      "1": 0.49999999999999944,
      "2": -0.0,
      "3": -0.0,
      "4": 0.49999999999999944,
      "5": -0.0,
      "6": -0.0
    },
    "b2": {
      "1": -0.0,
      "2": -0.0,
      "3": 0.49999999999999944,
      "4": -0.0,
      "5": -0.0,
      "6": 0.5000000000000006
    }
  },
  "t": {
    "0": 0.0,
    "1": 0.9999999999999989,
    "2": 1.099999999999999,
    "3": 1.1999999999999988,
    "4": 1.299999999999999,
    "5": 1.3999999999999988,
    "6": 1.4999999999999987
  },
  "y_nonzero": {
    "(a0,1;a1,2)": 0.49999999999999944,
    "(a0,1;a2,6)": 0.49999999999999944,
    "(a0,1;b0,5)": 0.49999999999999944,
    "(a0,1;b1,4)": 0.49999999999999944,
    "(a0,1;b2,3)": 0.49999999999999944,
    "(a0,4;a1,5)": 0.49999999999999944,
    "(a0,4;a2,3)": 0.49999999999999944,
    "(a0,4;b0,2)": 0.49999999999999944,
    "(a0,4;b1,1)": 0.49999999999999944,
    "(a0,4;b2,6)": 0.49999999999999944,
    "(a1,2;a0,1)": 0.49999999999999944,
    "(a1,2;a2,3)": 0.49999999999999944,
    "(a1,2;b0,5)": 0.49999999999999944,
    "(a1,2;b1,4)": 0.49999999999999944,
    "(a1,2;b2,6)": 0.49999999999999944,
    "(a1,5;a0,4)": 0.49999999999999944,
    "(a1,5;a2,6)": 0.49999999999999944,
    "(a1,5;b0,2)": 0.49999999999999944,
    "(a1,5;b1,1)": 0.49999999999999944,
    "(a1,5;b2,3)": 0.49999999999999944,
    "(a2,3;a0,4)": 0.49999999999999944,
    "(a2,3;a1,2)": 0.49999999999999944,
    "(a2,3;b0,5)": 0.49999999999999944,
    "(a2,3;b1,1)": 0.49999999999999944,
    "(a2,3;b2,6)": 0.49999999999999944,
    "(a2,6;a0,1)": 0.49999999999999944,
    "(a2,6;a1,5)": 0.49999999999999944,
    "(a2,6;b0,2)": 0.49999999999999944,
    "(a2,6;b1,4)": 0.49999999999999944,
    "(a2,6;b2,3)": 0.49999999999999944,
    "(b0,2;a0,4)": 0.49999999999999944,
    "(b0,2;a1,5)": 0.49999999999999944,
    "(b0,2;a2,6)": 0.49999999999999944,
    "(b0,2;b1,1)": 0.49999999999999944,
    "(b0,2;b2,3)": 0.49999999999999944,
    "(b0,5;a0,1)": 0.49999999999999944,
    "(b0,5;a1,2)": 0.49999999999999944,
    "(b0,5;a2,3)": 0.49999999999999944,
    "(b0,5;b1,4)": 0.49999999999999944,
    "(b0,5;b2,6)": 0.49999999999999944,
    "(b1,1;a0,4)": 0.49999999999999944,
    "(b1,1;a1,5)": 0.49999999999999944,
    "(b1,1;a2,3)": 0.49999999999999944,
    "(b1,1;b0,2)": 0.49999999999999944,
    "(b1,1;b2,6)": 0.49999999999999944,
    "(b1,4;a0,1)": 0.49999999999999944,
    "(b1,4;a1,2)": 0.49999999999999944,
    "(b1,4;a2,6)": 0.49999999999999944,
    "(b1,4;b0,5)": 0.49999999999999944,
    "(b1,4;b2,3)": 0.49999999999999944,
    "(b2,3;a0,1)": 0.49999999999999944,
    "(b2,3;a1,5)": 0.49999999999999944,
    "(b2,3;a2,6)": 0.49999999999999944,
    "(b2,3;b0,2)": 0.49999999999999944,
    "(b2,3;b1,4)": 0.49999999999999944,
    "(b2,6;a0,4)": 0.49999999999999944,
    "(b2,6;a1,2)": 0.49999999999999944,
    "(b2,6;a2,3)": 0.49999999999999944,
    "(b2,6;b0,5)": 0.49999999999999944,
    "(b2,6;b1,1)": 0.49999999999999944
  }
}