{
  "_comment": "SA-optimized adapt/apost = 1.0931",
  "n": 10,
  "dist": [
    [0, 3.62826, 1.69858, 3.29683, 1.70858, 2.1048, 4.52157, 5.47959, 2.42657, 3.68338],
    [3.62826, 0, 5.32684, 4.50352, 5.33684, 1.84164, 5.72826, 4.25471, 1.20169, 7.30355],
    [1.69858, 5.32684, 0, 1.59825, 0.01, 3.80338, 2.823, 5.03364, 4.12515, 1.9848],
    [3.29683, 4.50352, 1.59825, 0, 1.58825, 2.66188, 1.22474, 6.16028, 5.70521, 3.11144],
    [1.70858, 5.33684, 0.01, 1.58825, 0, 3.81338, 2.813, 5.02364, 4.13515, 1.9748],
    [2.1048, 1.84164, 3.80338, 2.66188, 3.81338, 0, 3.88662, 6.09635, 3.04333, 5.77332],
    [4.52157, 5.72826, 2.823, 1.22474, 2.813, 3.88662, 0, 4.93554, 6.92995, 1.8867],
    [5.47959, 4.25471, 5.03364, 6.16028, 5.02364, 6.09635, 4.93554, 0, 3.05302, 3.04884],
    [2.42657, 1.20169, 4.12515, 5.70521, 4.13515, 3.04333, 6.92995, 3.05302, 0, 6.10186],
    [3.68338, 7.30355, 1.9848, 3.11144, 1.9748, 5.77332, 1.8867, 3.04884, 6.10186, 0]
  ],
  "prob": [1, 1, 1, 1, 0.839655, 1, 1, 0.446743, 1, 1]
}
