{
  "_comment": "SA-optimized adapt/apost = 1.09337",
  "n": 11,
  "dist": [
    [0, 2.6912, 2.00853, 2.2206, 2.22362, 1.34878, 2.23362, 3.55195, 0.705747, 1.62753, 1.35878],
    [2.6912, 0, 1.01321, 0.921373, 3.54281, 2.66797, 3.55281, 2.8458, 2.31599, 4.31873, 2.65797],
    [2.00853, 1.01321, 0, 1.93458, 2.5296, 1.65476, 2.5396, 3.85901, 1.30278, 3.63604, 1.64476],
    [2.2206, 0.921373, 1.93458, 0, 4.44422, 3.56938, 4.45422, 1.92443, 1.51485, 3.84813, 3.57934],
    [2.22362, 3.54281, 2.5296, 4.44422, 0, 0.874838, 0.01, 3.03086, 2.92937, 1.10644, 0.884838],
    [1.34878, 2.66797, 1.65476, 3.56938, 0.874838, 0, 0.884838, 3.90569, 2.05453, 1.98128, 0.01],
    [2.23362, 3.55281, 2.5396, 4.45422, 0.01, 0.884838, 0, 3.02086, 2.93937, 1.09644, 0.894838],
    [3.55195, 2.8458, 3.85901, 1.92443, 3.03086, 3.90569, 3.02086, 0, 3.43928, 1.92442, 3.91569],
    [0.705747, 2.31599, 1.30278, 1.51485, 2.92937, 2.05453, 2.93937, 3.43928, 0, 2.33328, 2.06453],
    [1.62753, 4.31873, 3.63604, 3.84813, 1.10644, 1.98128, 1.09644, 1.92442, 2.33328, 0, 1.99128],
    [1.35878, 2.65797, 1.64476, 3.57934, 0.884838, 0.01, 0.894838, 3.91569, 2.06453, 1.99128, 0]
  ],
  "prob": [1, 1, 1, 1, 0.654816, 0.670159, 1, 0.447628, 1, 1, 1]
}
