{
  "_comment": "SA-optimized adapt/apost = 1.07734",
  "n": 7,
  "dist": [
    [0, 5.02645, 2.38837, 5.85106, 4.64514, 2.60853, 2.41784],
    [5.02645, 0, 4.83785, 2.41801, 4.83617, 2.41818, 2.60861],
    [2.38837, 4.83785, 0, 4.67495, 2.25677, 4.67475, 2.22924],
    [5.85106, 2.41801, 4.67495, 0, 2.41818, 4.83616, 5.02662],
    [4.64514, 4.83617, 2.25677, 2.41818, 0, 2.41798, 4.48601],
    [2.60853, 2.41818, 4.67475, 4.83616, 2.41798, 0, 5.02637],
    [2.41784, 2.60861, 2.22924, 5.02662, 4.48601, 5.02637, 0]
  ],
  "prob": [1, 1, 1, 0.467095, 1, 1, 1]
}
