{
  "_comment": "SA-optimized adapt/apost = 1.09371",
  "n": 12,
  "dist": [
    [0, 1.3567, 2.56931, 2.55931, 1.71979, 3.07739, 2.57297, 3.54655, 4.70924, 6.32681, 3.0358, 1.45377],
    [1.3567, 0, 3.92601, 3.91601, 3.07648, 1.7207, 3.92966, 2.18985, 3.35254, 5.48097, 4.39249, 0.0970778],
    [2.56931, 3.92601, 0, 0.01, 0.849528, 2.80978, 1.70271, 6.11533, 4.44163, 6.59396, 3.30295, 4.02309],
    [2.55931, 3.91601, 0.01, 0, 0.839528, 2.81978, 1.69271, 6.10586, 4.45163, 6.58396, 3.29295, 4.01309],
    [1.71979, 3.07648, 0.849528, 0.839528, 0, 3.65931, 0.853181, 5.26633, 5.29116, 5.74443, 2.45342, 3.17356],
    [3.07739, 1.7207, 2.80978, 2.81978, 3.65931, 0, 4.51249, 3.30555, 1.63185, 6.59667, 6.11273, 1.62362],
    [2.57297, 3.92966, 1.70271, 1.69271, 0.853181, 4.51249, 0, 5.4482, 5.62083, 4.89125, 1.60024, 4.02674],
    [3.54655, 2.18985, 6.11533, 6.10586, 5.26633, 3.30555, 5.4482, 0, 1.6737, 3.29113, 6.58214, 2.09277],
    [4.70924, 3.35254, 4.44163, 4.45163, 5.29116, 1.63185, 5.62083, 1.6737, 0, 4.96482, 7.22107, 3.25547],
    [6.32681, 5.48097, 6.59396, 6.58396, 5.74443, 6.59667, 4.89125, 3.29113, 4.96482, 0, 3.29101, 5.3839],
    [3.0358, 4.39249, 3.30295, 3.29295, 2.45342, 6.11273, 1.60024, 6.58214, 7.22107, 3.29101, 0, 4.48957],
    [1.45377, 0.0970778, 4.02309, 4.01309, 3.17356, 1.62362, 4.02674, 2.09277, 3.25547, 5.3839, 4.48957, 0]
  ],
  "prob": [1, 1, 1, 0.843913, 0.657531, 1, 1, 1, 1, 0.430961, 1, 0.0610041]
}
