{
  "_comment": "SA-optimized adapt/apost = 1.0909",
  "n": 9,
  "dist": [
    [0, 3.82034, 4.22996, 1.11814, 5.331, 1.12219, 3.37956, 3.33552, 3.26009],
    [3.82034, 0, 0.847006, 3.95882, 2.72016, 2.69815, 3.98585, 0.484821, 1.81687],
    [4.22996, 0.847006, 0, 3.11182, 3.56717, 3.54516, 3.13885, 1.33183, 0.969868],
    [1.11814, 3.95882, 3.11182, 0, 4.50265, 2.24034, 2.26735, 4.44364, 2.14195],
    [5.331, 2.72016, 3.56717, 4.50265, 0, 4.44867, 2.23531, 2.23534, 4.40429],
    [1.12219, 2.69815, 3.54516, 2.24034, 4.44867, 0, 2.25737, 2.21333, 4.38229],
    [3.37956, 3.98585, 3.13885, 2.26735, 2.23531, 2.25737, 0, 4.47065, 2.16898],
    [3.33552, 0.484821, 1.33183, 4.44364, 2.23534, 2.21333, 4.47065, 0, 2.30169],
    [3.26009, 1.81687, 0.969868, 2.14195, 4.40429, 4.38229, 2.16898, 2.30169, 0]
  ],
  "prob": [1, 1, 1, 1, 0.496648, 1, 1, 1, 1]
}
