{
  "_comment": "SA-optimized adapt/apost = 1.07924",
  "n": 11,
  "dist": [
    [0, 0.03, 0.04, 0.03, 0.02, 0.03, 0.01, 0.01, 0.01, 0.02, 0.02],
    [0.03, 0, 0.03, 0.02, 0.01, 0.02, 0.02, 0.02, 0.02, 0.01, 0.02],
    [0.04, 0.03, 0, 0.03, 0.03, 0.01, 0.04, 0.03, 0.03, 0.02, 0.02],
    [0.03, 0.02, 0.03, 0, 0.01, 0.02, 0.02, 0.03, 0.02, 0.03, 0.01],
    [0.02, 0.01, 0.03, 0.01, 0, 0.02, 0.01, 0.02, 0.02, 0.02, 0.01],
    [0.03, 0.02, 0.01, 0.02, 0.02, 0, 0.03, 0.02, 0.02, 0.01, 0.01],
    [0.01, 0.02, 0.04, 0.02, 0.01, 0.03, 0, 0.01, 0.02, 0.02, 0.02],
    [0.01, 0.02, 0.03, 0.03, 0.02, 0.02, 0.01, 0, 0.02, 0.01, 0.03],
    [0.01, 0.02, 0.03, 0.02, 0.02, 0.02, 0.02, 0.02, 0, 0.01, 0.01],
    [0.02, 0.01, 0.02, 0.03, 0.02, 0.01, 0.02, 0.01, 0.01, 0, 0.02],
    [0.02, 0.02, 0.02, 0.01, 0.01, 0.01, 0.02, 0.03, 0.01, 0.02, 0]
  ],
  "prob": [1, 0.381336, 0.01, 0.01, 1, 0.375763, 1, 1, 1, 1, 1]
}
