{
  "_comment": "SA-optimized adapt/apost = 1.09089",
  "n": 8,
  "dist": [
    [0, 3.8708, 1.93472, 1.9347, 1.93551, 1.93595, 2.90213, 0.967378],
    [3.8708, 0, 3.86986, 3.87024, 1.93528, 1.93517, 2.90281, 2.90375],
    [1.93472, 3.86986, 0, 1.93456, 1.93458, 3.86963, 2.90199, 2.90189],
    [1.9347, 3.87024, 1.93456, 0, 3.86914, 1.93506, 0.967423, 0.967324],
    [1.93551, 1.93528, 1.93458, 3.86914, 0, 3.87046, 4.83657, 2.90289],
    [1.93595, 1.93517, 3.86963, 1.93506, 3.87046, 0, 0.96764, 0.968574],
    [2.90213, 2.90281, 2.90199, 0.967423, 4.83657, 0.96764, 0, 1.93475],
    [0.967378, 2.90375, 2.90189, 0.967324, 2.90289, 0.968574, 1.93475, 0]
  ],
  "prob": [1, 0.499802, 1, 1, 1, 1, 1, 1]
}
