{
  "_comment": "SA-optimized adapt/apost = 1.09374",
  "n": 11,
  "dist": [
    [0, 3.3895, 2.52017, 2.02916, 3.6553, 3.08167, 3.6653, 2.91055, 5.47942, 0.935746, 4.32456],
    [3.3895, 0, 5.90967, 5.41866, 7.0448, 2.83128, 7.0548, 3.00241, 2.95934, 2.45375, 1.5884],
    [2.52017, 5.90967, 0, 3.0144, 1.38825, 5.60178, 1.37825, 5.43065, 2.95925, 3.45592, 6.84466],
    [2.02916, 5.41866, 3.0144, 0, 1.62614, 2.58738, 1.63614, 2.41626, 5.97365, 2.9649, 3.83026],
    [3.6553, 7.0448, 1.38825, 1.62614, 0, 4.21352, 0.01, 4.0424, 4.34751, 4.59105, 5.45641],
    [3.08167, 2.83128, 5.60178, 2.58738, 4.21352, 0, 4.22352, 0.171125, 5.79062, 2.14593, 1.24288],
    [3.6653, 7.0548, 1.37825, 1.63614, 0.01, 4.22352, 0, 4.0524, 4.33751, 4.60105, 5.46641],
    [2.91055, 3.00241, 5.43065, 2.41626, 4.0424, 0.171125, 4.0524, 0, 5.96175, 1.9748, 1.41401],
    [5.47942, 2.95934, 2.95925, 5.97365, 4.34751, 5.79062, 4.33751, 5.96175, 0, 5.41309, 4.54774],
    [0.935746, 2.45375, 3.45592, 2.9649, 4.59105, 2.14593, 4.60105, 1.9748, 5.41309, 0, 3.38881],
    [4.32456, 1.5884, 6.84466, 3.83026, 5.45641, 1.24288, 5.46641, 1.41401, 4.54774, 3.38881, 0]
  ],
  "prob": [1, 1, 1, 1, 1, 0.51983, 0.959814, 1, 0.426976, 1, 1]
}
