{
  "_comment": "SA-optimized adapt/apost = 1.08484",
  "n": 10,
  "dist": [
    [0, 5.95456, 3.62414, 6.78544, 5.34588, 4.62979, 4.78516, 3.63414, 4.19958, 1.72363],
    [5.95456, 0, 6.41599, 3.27565, 4.69048, 1.32476, 5.25497, 6.42599, 5.84055, 4.51552],
    [3.62414, 6.41599, 0, 3.1613, 1.72551, 5.09123, 1.16102, 0.01, 0.57544, 5.34777],
    [6.78544, 3.27565, 3.1613, 0, 4.88681, 4.60041, 4.32232, 3.1513, 3.73674, 7.43954],
    [5.34588, 4.69048, 1.72551, 4.88681, 0, 3.36572, 0.564489, 1.73551, 1.15007, 3.62226],
    [4.62979, 1.32476, 5.09123, 4.60041, 3.36572, 0, 3.93021, 5.10123, 4.51579, 5.84028],
    [4.78516, 5.25497, 1.16102, 4.32232, 0.564489, 3.93021, 0, 1.17102, 0.585582, 4.18674],
    [3.63414, 6.42599, 0.01, 3.1513, 1.73551, 5.10123, 1.17102, 0, 0.58544, 5.35777],
    [4.19958, 5.84055, 0.57544, 3.73674, 1.15007, 4.51579, 0.585582, 0.58544, 0, 4.77233],
    [1.72363, 4.51552, 5.34777, 7.43954, 3.62226, 5.84028, 4.18674, 5.35777, 4.77233, 0]
  ],
  "prob": [1, 1, 0.367814, 0.518752, 1, 1, 1, 1, 1, 1]
}
