{
  "_comment": "SA-optimized adapt/apost = 1.09081",
  "n": 9,
  "dist": [
    [0, 1.47874, 2.93444, 4.40575, 0.945974, 4.40578, 1.47091, 1.47045, 4.39822],
    [1.47874, 0, 1.47141, 5.86978, 2.42471, 2.94277, 2.93494, 2.94919, 5.87696],
    [2.93444, 1.47141, 0, 4.39837, 3.88041, 4.41418, 1.46353, 4.40489, 7.33266],
    [4.40575, 5.86978, 4.39837, 0, 5.35172, 5.86905, 2.93484, 5.86227, 2.93449],
    [0.945974, 2.42471, 3.88041, 5.35172, 0, 3.45981, 2.41688, 0.524475, 3.45225],
    [4.40578, 2.94277, 4.41418, 5.86905, 3.45981, 0, 5.87669, 2.93533, 2.93456],
    [1.47091, 2.93494, 1.46353, 2.93484, 2.41688, 5.87669, 0, 2.94136, 5.86913],
    [1.47045, 2.94919, 4.40489, 5.86227, 0.524475, 2.93533, 2.94136, 0, 2.92778],
    [4.39822, 5.87696, 7.33266, 2.93449, 3.45225, 2.93456, 5.86913, 2.92778, 0]
  ],
  "prob": [1, 1, 1, 0.501255, 0.960211, 1, 1, 1, 1]
}
