{
  "_comment": "SA-optimized adapt/apost = 1.09399",
  "n": 10,
  "dist": [
    [0, 0.823543, 3.63348, 2.53524, 3.46164, 4.18243, 1.64728, 4.62389, 5.54627, 3.08446],
    [0.823543, 0, 3.75229, 3.35878, 4.28519, 3.35889, 0.823733, 4.14368, 6.36981, 3.20327],
    [3.63348, 3.75229, 0, 1.09824, 3.59439, 0.549139, 3.0843, 4.75663, 4.10927, 0.549022],
    [2.53524, 3.35878, 1.09824, 0, 4.69264, 1.64738, 4.18251, 5.85488, 3.01103, 0.549222],
    [3.46164, 4.28519, 3.59439, 4.69264, 0, 3.04525, 4.48219, 1.16224, 4.00611, 4.14341],
    [4.18243, 3.35889, 0.549139, 1.64738, 3.04525, 0, 2.53516, 4.20749, 4.65841, 1.09816],
    [1.64728, 0.823733, 3.0843, 4.18251, 4.48219, 2.53516, 0, 3.31995, 6.16381, 3.63332],
    [4.62389, 4.14368, 4.75663, 5.85488, 1.16224, 4.20749, 3.31995, 0, 2.84387, 5.30565],
    [5.54627, 6.36981, 4.10927, 3.01103, 4.00611, 4.65841, 6.16381, 2.84387, 0, 3.56025],
    [3.08446, 3.20327, 0.549022, 0.549222, 4.14341, 1.09816, 3.63332, 5.30565, 3.56025, 0]
  ],
  "prob": [1, 1, 0.999881, 1, 1, 1, 1, 1, 0.525222, 1]
}
