{
  "_comment": "SA-optimized adapt/apost = 1.09324",
  "n": 10,
  "dist": [
    [0, 1.18471, 3.38088, 2.21878, 2.53125, 0.864289, 1.43806, 2.77443, 0.854289, 3.54454],
    [1.18471, 0, 3.3527, 1.03407, 1.81096, 2.049, 2.15843, 3.95914, 2.039, 4.26491],
    [3.38088, 3.3527, 0, 4.38677, 1.54174, 2.51659, 4.81895, 0.606456, 2.52659, 2.71292],
    [2.21878, 1.03407, 4.38677, 0, 2.84503, 3.08307, 1.12436, 4.99321, 3.07307, 3.23084],
    [2.53125, 1.81096, 1.54174, 2.84503, 0, 1.66697, 3.96932, 2.14819, 1.67697, 4.25466],
    [0.864289, 2.049, 2.51659, 3.08307, 1.66697, 0, 2.30235, 1.91014, 0.01, 4.0166],
    [1.43806, 2.15843, 4.81895, 1.12436, 3.96932, 2.30235, 0, 4.21249, 2.29235, 2.10648],
    [2.77443, 3.95914, 0.606456, 4.99321, 2.14819, 1.91014, 4.21249, 0, 1.92014, 2.10646],
    [0.854289, 2.039, 2.52659, 3.07307, 1.67697, 0.01, 2.29235, 1.92014, 0, 4.0266],
    [3.54454, 4.26491, 2.71292, 3.23084, 4.25466, 4.0166, 2.10648, 2.10646, 4.0266, 0]
  ],
  "prob": [1, 1, 1, 1, 1, 0.582375, 1, 1, 1, 0.452227]
}
