{
  "_comment": "SA-optimized adapt/apost = 1.00108",
  "n": 5,
  "dist": [
    [0, 4.98518, 8.43587, 5.52042, 7.77165],
    [4.98518, 0, 5.19944, 2.07256, 6.45267],
    [8.43587, 5.19944, 0, 7.27201, 3.0495],
    [5.52042, 2.07256, 7.27201, 0, 4.3801],
    [7.77165, 6.45267, 3.0495, 4.3801, 0]
  ],
  "prob": [1, 0.479287, 0.592203, 0.0804213, 0.439392]
}
