{
  "_comment": "SA-optimized adapt/apost = 1.09977",
  "n": 10,
  "dist": [
    [0, 3.62194, 3.06603, 3.68243, 2.42038, 2.44407, 3.02125, 1.24127, 0.620683, 4.89928],
    [3.62194, 0, 4.28719, 3.66534, 1.20156, 4.90886, 0.600686, 2.46497, 3.08555, 2.45365],
    [3.06603, 4.28719, 0, 0.621851, 3.08563, 0.62196, 3.6865, 3.06301, 3.6836, 3.07717],
    [3.68243, 3.66534, 0.621851, 0, 2.46378, 1.24381, 3.06465, 2.44116, 3.06175, 3.69902],
    [2.42038, 1.20156, 3.08563, 2.46378, 0, 3.70759, 0.600874, 3.66164, 3.04106, 3.65521],
    [2.44407, 4.90886, 0.62196, 1.24381, 3.70759, 0, 4.30846, 3.68497, 3.06475, 2.45521],
    [3.02125, 0.600686, 3.6865, 3.06465, 0.600874, 4.30846, 0, 3.06565, 3.64194, 3.05434],
    [1.24127, 2.46497, 3.06301, 2.44116, 3.66164, 3.68497, 3.06565, 0, 0.620583, 4.91862],
    [0.620683, 3.08555, 3.6836, 3.06175, 3.04106, 3.06475, 3.64194, 0.620583, 0, 5.51996],
    [4.89928, 2.45365, 3.07717, 3.69902, 3.65521, 2.45521, 3.05434, 4.91862, 5.51996, 0]
  ],
  "prob": [1, 1, 1, 1, 1, 1, 1, 1, 1, 0.490812]
}
