{
  "_comment": "SA-optimized adapt/apost = 1.09318",
  "n": 9,
  "dist": [
    [0, 3.23731, 2.12299, 4.32892, 2.94443, 1.07017, 2.11011, 2.32757, 1.90554],
    [3.23731, 0, 1.11432, 3.32335, 4.09178, 2.16714, 3.83389, 1.10455, 3.12863],
    [2.12299, 1.11432, 0, 4.43767, 3.0532, 1.05282, 4.23311, 2.21887, 2.01431],
    [4.32892, 3.32335, 4.43767, 0, 3.39885, 3.4762, 2.21881, 2.2188, 4.43774],
    [2.94443, 4.09178, 3.0532, 3.39885, 0, 4.0146, 1.18004, 5.19634, 1.03889],
    [1.07017, 2.16714, 1.05282, 3.4762, 4.0146, 0, 3.18028, 1.2574, 2.97571],
    [2.11011, 3.83389, 4.23311, 2.21881, 1.18004, 3.18028, 0, 4.43761, 2.21893],
    [2.32757, 1.10455, 2.21887, 2.2188, 5.19634, 1.2574, 4.43761, 0, 4.23311],
    [1.90554, 3.12863, 2.01431, 4.43774, 1.03889, 2.97571, 2.21893, 4.23311, 0]
  ],
  "prob": [1, 1, 1, 0.453888, 1, 1, 1, 1, 1]
}
